id	abstract_id	offset_start	offset_finish	type
0	1711760	23	35	DiseaseOrPhenotypicFeature
0	1711760	58	66	DiseaseOrPhenotypicFeature
0	1711760	78	89	DiseaseOrPhenotypicFeature
0	1711760	113	125	DiseaseOrPhenotypicFeature
0	1711760	208	219	DiseaseOrPhenotypicFeature
0	1711760	325	337	DiseaseOrPhenotypicFeature
0	1711760	338	342	OrganismTaxon
0	1711760	448	460	DiseaseOrPhenotypicFeature
0	1711760	565	569	OrganismTaxon
0	1711760	684	692	DiseaseOrPhenotypicFeature
0	1711760	823	831	DiseaseOrPhenotypicFeature
0	1711760	936	944	DiseaseOrPhenotypicFeature
0	1711760	1052	1060	DiseaseOrPhenotypicFeature
0	1711760	1134	1146	DiseaseOrPhenotypicFeature
0	1711760	1190	1191	ChemicalEntity
0	1711760	1319	1331	DiseaseOrPhenotypicFeature
0	1711760	1363	1364	ChemicalEntity
0	1711760	1405	1418	ChemicalEntity
0	1711760	1427	1439	DiseaseOrPhenotypicFeature
0	1711760	1498	1506	DiseaseOrPhenotypicFeature
0	1711760	1560	1568	DiseaseOrPhenotypicFeature
1	6086495	20	45	DiseaseOrPhenotypicFeature
1	6086495	146	171	DiseaseOrPhenotypicFeature
1	6086495	173	176	DiseaseOrPhenotypicFeature
1	6086495	329	332	DiseaseOrPhenotypicFeature
1	6086495	394	397	GeneOrGeneProduct
2	7018927	67	78	ChemicalEntity
2	7018927	87	105	DiseaseOrPhenotypicFeature
2	7018927	145	156	ChemicalEntity
2	7018927	166	175	GeneOrGeneProduct
2	7018927	201	203	GeneOrGeneProduct
2	7018927	332	334	GeneOrGeneProduct
2	7018927	354	356	GeneOrGeneProduct
2	7018927	386	394	OrganismTaxon
2	7018927	422	426	ChemicalEntity
2	7018927	458	469	ChemicalEntity
2	7018927	493	511	DiseaseOrPhenotypicFeature
2	7018927	572	574	GeneOrGeneProduct
3	7811247	191	198	OrganismTaxon
3	7811247	494	501	OrganismTaxon
3	7811247	644	655	ChemicalEntity
3	7811247	749	757	OrganismTaxon
4	8944024	39	44	GeneOrGeneProduct
4	8944024	64	79	ChemicalEntity
4	8944024	241	248	OrganismTaxon
4	8944024	366	382	ChemicalEntity
4	8944024	520	545	DiseaseOrPhenotypicFeature
4	8944024	551	556	GeneOrGeneProduct
4	8944024	718	725	OrganismTaxon
5	14510914	11	25	DiseaseOrPhenotypicFeature
5	14510914	55	61	ChemicalEntity
5	14510914	307	332	DiseaseOrPhenotypicFeature
5	14510914	471	477	ChemicalEntity
5	14510914	502	509	OrganismTaxon
5	14510914	525	530	OrganismTaxon
5	14510914	536	550	DiseaseOrPhenotypicFeature
5	14510914	764	778	DiseaseOrPhenotypicFeature
5	14510914	827	836	ChemicalEntity
5	14510914	968	973	OrganismTaxon
5	14510914	974	977	GeneOrGeneProduct
5	14510914	1152	1159	OrganismTaxon
5	14510914	1342	1349	OrganismTaxon
5	14510914	1606	1611	CellLine
5	14510914	1783	1790	OrganismTaxon
5	14510914	1856	1881	DiseaseOrPhenotypicFeature
6	15041272	114	128	DiseaseOrPhenotypicFeature
6	15041272	237	242	OrganismTaxon
6	15041272	446	454	DiseaseOrPhenotypicFeature
6	15041272	488	509	GeneOrGeneProduct
6	15041272	523	525	GeneOrGeneProduct
6	15041272	829	850	GeneOrGeneProduct
6	15041272	938	941	GeneOrGeneProduct
6	15041272	1161	1167	SequenceVariant
6	15041272	1268	1280	GeneOrGeneProduct
6	15041272	1396	1399	GeneOrGeneProduct
6	15041272	1420	1436	DiseaseOrPhenotypicFeature
7	15096016	107	126	DiseaseOrPhenotypicFeature
7	15096016	128	130	DiseaseOrPhenotypicFeature
7	15096016	271	273	DiseaseOrPhenotypicFeature
7	15096016	666	668	DiseaseOrPhenotypicFeature
7	15096016	678	689	DiseaseOrPhenotypicFeature
7	15096016	901	909	ChemicalEntity
7	15096016	918	929	DiseaseOrPhenotypicFeature
7	15096016	990	1000	DiseaseOrPhenotypicFeature
7	15096016	1129	1136	OrganismTaxon
7	15096016	1215	1223	OrganismTaxon
8	15099351	74	94	DiseaseOrPhenotypicFeature
8	15099351	187	207	DiseaseOrPhenotypicFeature
8	15099351	269	280	ChemicalEntity
8	15099351	367	387	DiseaseOrPhenotypicFeature
8	15099351	535	555	DiseaseOrPhenotypicFeature
8	15099351	644	664	GeneOrGeneProduct
8	15099351	782	790	OrganismTaxon
8	15099351	829	836	OrganismTaxon
8	15099351	906	926	DiseaseOrPhenotypicFeature
8	15099351	1091	1111	DiseaseOrPhenotypicFeature
9	15122708	15	23	DiseaseOrPhenotypicFeature
9	15122708	102	103	ChemicalEntity
9	15122708	125	135	DiseaseOrPhenotypicFeature
9	15122708	249	255	GeneOrGeneProduct
9	15122708	274	280	GeneOrGeneProduct
9	15122708	498	500	DiseaseOrPhenotypicFeature
9	15122708	547	555	OrganismTaxon
9	15122708	599	600	ChemicalEntity
9	15122708	646	654	DiseaseOrPhenotypicFeature
9	15122708	687	695	DiseaseOrPhenotypicFeature
9	15122708	766	784	DiseaseOrPhenotypicFeature
9	15122708	973	975	DiseaseOrPhenotypicFeature
9	15122708	1007	1009	DiseaseOrPhenotypicFeature
9	15122708	1186	1194	OrganismTaxon
9	15122708	1235	1237	DiseaseOrPhenotypicFeature
9	15122708	1316	1318	DiseaseOrPhenotypicFeature
9	15122708	1551	1561	DiseaseOrPhenotypicFeature
10	15188772	99	110	ChemicalEntity
10	15188772	143	157	DiseaseOrPhenotypicFeature
10	15188772	371	376	OrganismTaxon
10	15188772	436	447	ChemicalEntity
10	15188772	677	685	DiseaseOrPhenotypicFeature
11	15614572	43	47	ChemicalEntity
11	15614572	78	86	ChemicalEntity
11	15614572	110	114	OrganismTaxon
11	15614572	167	171	ChemicalEntity
11	15614572	225	237	ChemicalEntity
11	15614572	279	283	ChemicalEntity
11	15614572	378	382	ChemicalEntity
11	15614572	627	638	ChemicalEntity
11	15614572	669	678	DiseaseOrPhenotypicFeature
11	15614572	690	701	ChemicalEntity
11	15614572	706	717	ChemicalEntity
11	15614572	845	849	OrganismTaxon
11	15614572	898	907	DiseaseOrPhenotypicFeature
11	15614572	911	915	OrganismTaxon
11	15614572	972	981	DiseaseOrPhenotypicFeature
11	15614572	1006	1017	ChemicalEntity
11	15614572	1051	1062	ChemicalEntity
11	15614572	1084	1093	DiseaseOrPhenotypicFeature
11	15614572	1208	1219	ChemicalEntity
11	15614572	1220	1229	DiseaseOrPhenotypicFeature
11	15614572	1351	1360	DiseaseOrPhenotypicFeature
11	15614572	1377	1388	ChemicalEntity
11	15614572	1681	1685	ChemicalEntity
11	15614572	1693	1697	ChemicalEntity
11	15614572	1776	1780	ChemicalEntity
11	15614572	1870	1874	ChemicalEntity
11	15614572	1942	1953	ChemicalEntity
11	15614572	1954	1963	DiseaseOrPhenotypicFeature
12	15623763	0	5	GeneOrGeneProduct
12	15623763	80	88	OrganismTaxon
12	15623763	128	133	GeneOrGeneProduct
12	15623763	149	157	OrganismTaxon
12	15623763	163	188	DiseaseOrPhenotypicFeature
12	15623763	312	320	OrganismTaxon
12	15623763	506	511	GeneOrGeneProduct
12	15623763	803	811	OrganismTaxon
12	15623763	835	843	OrganismTaxon
12	15623763	950	958	OrganismTaxon
12	15623763	1002	1009	OrganismTaxon
12	15623763	1074	1081	OrganismTaxon
12	15623763	1166	1174	OrganismTaxon
12	15623763	1228	1236	OrganismTaxon
12	15623763	1287	1295	OrganismTaxon
12	15623763	1358	1366	OrganismTaxon
12	15623763	1446	1453	OrganismTaxon
12	15623763	1616	1623	ChemicalEntity
12	15623763	1679	1687	OrganismTaxon
13	15818664	61	67	SequenceVariant
13	15818664	658	666	OrganismTaxon
13	15818664	941	946	OrganismTaxon
13	15818664	1047	1053	SequenceVariant
13	15818664	1210	1211	ChemicalEntity
13	15818664	1251	1252	ChemicalEntity
13	15818664	1384	1385	ChemicalEntity
13	15818664	1491	1492	ChemicalEntity
13	15818664	1871	1879	GeneOrGeneProduct
13	15818664	1968	1974	SequenceVariant
14	15824163	16	20	GeneOrGeneProduct
14	15824163	26	34	DiseaseOrPhenotypicFeature
14	15824163	83	87	GeneOrGeneProduct
14	15824163	117	125	DiseaseOrPhenotypicFeature
14	15824163	126	132	DiseaseOrPhenotypicFeature
14	15824163	173	177	GeneOrGeneProduct
14	15824163	240	248	DiseaseOrPhenotypicFeature
14	15824163	291	295	GeneOrGeneProduct
14	15824163	343	351	DiseaseOrPhenotypicFeature
14	15824163	355	358	OrganismTaxon
14	15824163	399	403	GeneOrGeneProduct
14	15824163	471	479	DiseaseOrPhenotypicFeature
14	15824163	717	725	DiseaseOrPhenotypicFeature
14	15824163	736	740	GeneOrGeneProduct
14	15824163	860	864	GeneOrGeneProduct
14	15824163	934	942	DiseaseOrPhenotypicFeature
14	15824163	1019	1023	GeneOrGeneProduct
14	15824163	1040	1048	DiseaseOrPhenotypicFeature
14	15824163	1394	1398	GeneOrGeneProduct
14	15824163	1484	1488	GeneOrGeneProduct
14	15824163	1539	1547	DiseaseOrPhenotypicFeature
14	15824163	1702	1706	GeneOrGeneProduct
15	15970799	144	148	CellLine
15	15970799	153	159	CellLine
15	15970799	620	627	OrganismTaxon
15	15970799	653	661	DiseaseOrPhenotypicFeature
15	15970799	738	744	CellLine
15	15970799	749	753	CellLine
15	15970799	990	1002	ChemicalEntity
15	15970799	1359	1371	ChemicalEntity
16	16001362	22	39	DiseaseOrPhenotypicFeature
16	16001362	274	291	DiseaseOrPhenotypicFeature
16	16001362	534	551	DiseaseOrPhenotypicFeature
16	16001362	609	641	DiseaseOrPhenotypicFeature
16	16001362	791	799	OrganismTaxon
16	16001362	1060	1067	DiseaseOrPhenotypicFeature
16	16001362	1413	1418	GeneOrGeneProduct
16	16001362	1903	1908	OrganismTaxon
16	16001362	2106	2112	OrganismTaxon
17	16321363	238	243	ChemicalEntity
17	16321363	282	289	ChemicalEntity
17	16321363	457	464	OrganismTaxon
18	16330669	157	165	DiseaseOrPhenotypicFeature
18	16330669	268	276	DiseaseOrPhenotypicFeature
18	16330669	287	295	OrganismTaxon
18	16330669	335	343	OrganismTaxon
18	16330669	413	421	DiseaseOrPhenotypicFeature
18	16330669	541	547	DiseaseOrPhenotypicFeature
18	16330669	922	930	OrganismTaxon
18	16330669	1077	1082	GeneOrGeneProduct
18	16330669	1182	1188	GeneOrGeneProduct
18	16330669	1190	1196	GeneOrGeneProduct
18	16330669	1272	1280	OrganismTaxon
18	16330669	1322	1330	OrganismTaxon
18	16330669	1394	1400	GeneOrGeneProduct
18	16330669	1448	1455	OrganismTaxon
18	16330669	1489	1496	OrganismTaxon
18	16330669	1533	1541	OrganismTaxon
18	16330669	1587	1595	OrganismTaxon
18	16330669	1651	1657	GeneOrGeneProduct
18	16330669	1658	1662	DiseaseOrPhenotypicFeature
18	16330669	1684	1692	DiseaseOrPhenotypicFeature
18	16330669	1915	1921	GeneOrGeneProduct
19	16419642	41	67	GeneOrGeneProduct
19	16419642	85	98	DiseaseOrPhenotypicFeature
19	16419642	254	280	GeneOrGeneProduct
19	16419642	282	284	DiseaseOrPhenotypicFeature
19	16419642	337	349	DiseaseOrPhenotypicFeature
19	16419642	519	531	DiseaseOrPhenotypicFeature
19	16419642	576	584	OrganismTaxon
19	16419642	590	602	DiseaseOrPhenotypicFeature
19	16419642	643	645	DiseaseOrPhenotypicFeature
19	16419642	693	705	DiseaseOrPhenotypicFeature
19	16419642	786	808	DiseaseOrPhenotypicFeature
19	16419642	888	896	OrganismTaxon
19	16419642	1055	1057	DiseaseOrPhenotypicFeature
19	16419642	1179	1192	DiseaseOrPhenotypicFeature
19	16419642	1337	1349	DiseaseOrPhenotypicFeature
19	16419642	1380	1392	DiseaseOrPhenotypicFeature
19	16419642	1561	1573	DiseaseOrPhenotypicFeature
19	16419642	1683	1709	GeneOrGeneProduct
19	16419642	1821	1823	DiseaseOrPhenotypicFeature
20	16629641	29	35	DiseaseOrPhenotypicFeature
20	16629641	39	47	OrganismTaxon
20	16629641	62	79	OrganismTaxon
20	16629641	89	98	DiseaseOrPhenotypicFeature
20	16629641	104	121	OrganismTaxon
20	16629641	123	126	OrganismTaxon
20	16629641	144	153	DiseaseOrPhenotypicFeature
20	16629641	155	179	DiseaseOrPhenotypicFeature
20	16629641	195	208	DiseaseOrPhenotypicFeature
20	16629641	241	254	DiseaseOrPhenotypicFeature
20	16629641	283	303	GeneOrGeneProduct
20	16629641	308	317	ChemicalEntity
20	16629641	411	419	OrganismTaxon
20	16629641	485	491	DiseaseOrPhenotypicFeature
20	16629641	550	559	ChemicalEntity
20	16629641	588	594	DiseaseOrPhenotypicFeature
20	16629641	617	625	OrganismTaxon
20	16629641	631	644	DiseaseOrPhenotypicFeature
20	16629641	728	734	DiseaseOrPhenotypicFeature
20	16629641	866	875	ChemicalEntity
20	16629641	887	893	DiseaseOrPhenotypicFeature
20	16629641	1034	1039	OrganismTaxon
20	16629641	1040	1054	GeneOrGeneProduct
20	16629641	1079	1088	ChemicalEntity
20	16629641	1100	1106	DiseaseOrPhenotypicFeature
20	16629641	1187	1196	ChemicalEntity
20	16629641	1254	1263	ChemicalEntity
20	16629641	1303	1309	DiseaseOrPhenotypicFeature
20	16629641	1313	1321	OrganismTaxon
20	16629641	1327	1344	DiseaseOrPhenotypicFeature
21	16731636	9	22	ChemicalEntity
21	16731636	65	69	OrganismTaxon
21	16731636	85	100	GeneOrGeneProduct
21	16731636	168	173	GeneOrGeneProduct
21	16731636	174	185	GeneOrGeneProduct
21	16731636	194	197	GeneOrGeneProduct
21	16731636	333	336	GeneOrGeneProduct
21	16731636	389	396	GeneOrGeneProduct
21	16731636	406	419	ChemicalEntity
21	16731636	438	442	OrganismTaxon
21	16731636	458	473	GeneOrGeneProduct
21	16731636	671	675	OrganismTaxon
21	16731636	760	764	OrganismTaxon
21	16731636	876	880	OrganismTaxon
21	16731636	935	942	GeneOrGeneProduct
21	16731636	966	973	GeneOrGeneProduct
21	16731636	1021	1025	OrganismTaxon
21	16731636	1078	1085	GeneOrGeneProduct
21	16731636	1097	1107	ChemicalEntity
21	16731636	1121	1125	OrganismTaxon
21	16731636	1179	1183	OrganismTaxon
21	16731636	1368	1375	GeneOrGeneProduct
22	16737910	296	301	OrganismTaxon
22	16737910	302	308	DiseaseOrPhenotypicFeature
23	16755009	221	232	ChemicalEntity
23	16755009	277	281	OrganismTaxon
23	16755009	459	463	OrganismTaxon
23	16755009	625	632	DiseaseOrPhenotypicFeature
23	16755009	773	777	OrganismTaxon
23	16755009	901	905	OrganismTaxon
23	16755009	1042	1046	OrganismTaxon
23	16755009	1078	1085	DiseaseOrPhenotypicFeature
23	16755009	1097	1108	ChemicalEntity
23	16755009	1131	1139	ChemicalEntity
23	16755009	1234	1254	GeneOrGeneProduct
23	16755009	1268	1279	ChemicalEntity
23	16755009	1305	1309	OrganismTaxon
23	16755009	1441	1445	OrganismTaxon
23	16755009	1489	1500	ChemicalEntity
23	16755009	1771	1782	ChemicalEntity
24	16822828	27	35	OrganismTaxon
24	16822828	266	285	DiseaseOrPhenotypicFeature
24	16822828	342	350	OrganismTaxon
24	16822828	403	411	OrganismTaxon
24	16822828	422	430	OrganismTaxon
24	16822828	708	716	OrganismTaxon
24	16822828	1723	1731	OrganismTaxon
25	16904497	37	44	ChemicalEntity
25	16904497	173	180	ChemicalEntity
25	16904497	428	439	ChemicalEntity
25	16904497	474	479	OrganismTaxon
25	16904497	508	512	DiseaseOrPhenotypicFeature
25	16904497	540	547	ChemicalEntity
25	16904497	808	819	ChemicalEntity
25	16904497	1004	1012	DiseaseOrPhenotypicFeature
25	16904497	1275	1282	OrganismTaxon
25	16904497	1538	1545	ChemicalEntity
25	16904497	1656	1663	ChemicalEntity
26	16970763	100	126	DiseaseOrPhenotypicFeature
26	16970763	350	376	DiseaseOrPhenotypicFeature
26	16970763	457	465	OrganismTaxon
26	16970763	982	989	OrganismTaxon
26	16970763	1038	1046	OrganismTaxon
26	16970763	1375	1383	DiseaseOrPhenotypicFeature
26	16970763	1388	1406	DiseaseOrPhenotypicFeature
26	16970763	1738	1744	ChemicalEntity
27	17000021	33	36	SequenceVariant
27	17000021	46	49	SequenceVariant
27	17000021	81	87	GeneOrGeneProduct
27	17000021	93	108	DiseaseOrPhenotypicFeature
27	17000021	133	142	DiseaseOrPhenotypicFeature
27	17000021	191	197	GeneOrGeneProduct
27	17000021	229	230	ChemicalEntity
27	17000021	257	258	ChemicalEntity
27	17000021	333	352	DiseaseOrPhenotypicFeature
27	17000021	364	379	DiseaseOrPhenotypicFeature
27	17000021	410	419	DiseaseOrPhenotypicFeature
27	17000021	712	718	GeneOrGeneProduct
27	17000021	1550	1551	ChemicalEntity
27	17000021	2099	2105	GeneOrGeneProduct
28	17033974	26	33	ChemicalEntity
28	17033974	86	100	DiseaseOrPhenotypicFeature
28	17033974	183	190	ChemicalEntity
28	17033974	328	333	OrganismTaxon
28	17033974	482	489	ChemicalEntity
28	17033974	562	567	OrganismTaxon
28	17033974	679	687	OrganismTaxon
28	17033974	731	740	DiseaseOrPhenotypicFeature
28	17033974	967	975	OrganismTaxon
28	17033974	1013	1027	DiseaseOrPhenotypicFeature
28	17033974	1092	1097	OrganismTaxon
28	17033974	1175	1189	DiseaseOrPhenotypicFeature
29	17273972	0	5	OrganismTaxon
29	17273972	88	105	DiseaseOrPhenotypicFeature
29	17273972	334	335	ChemicalEntity
29	17273972	527	552	DiseaseOrPhenotypicFeature
30	17286451	230	233	GeneOrGeneProduct
30	17286451	278	284	DiseaseOrPhenotypicFeature
30	17286451	288	296	OrganismTaxon
30	17286451	344	347	GeneOrGeneProduct
30	17286451	490	492	ChemicalEntity
30	17286451	548	554	DiseaseOrPhenotypicFeature
30	17286451	561	563	ChemicalEntity
30	17286451	564	572	OrganismTaxon
30	17286451	669	672	GeneOrGeneProduct
30	17286451	867	872	DiseaseOrPhenotypicFeature
30	17286451	895	897	ChemicalEntity
30	17286451	898	906	OrganismTaxon
30	17286451	914	922	OrganismTaxon
30	17286451	1026	1028	ChemicalEntity
30	17286451	1029	1037	OrganismTaxon
30	17286451	1070	1073	GeneOrGeneProduct
30	17286451	1112	1114	ChemicalEntity
30	17286451	1115	1123	OrganismTaxon
30	17286451	1316	1319	GeneOrGeneProduct
30	17286451	1357	1362	DiseaseOrPhenotypicFeature
30	17286451	1400	1403	GeneOrGeneProduct
30	17286451	1578	1580	ChemicalEntity
31	17318851	32	36	GeneOrGeneProduct
31	17318851	100	105	OrganismTaxon
31	17318851	335	339	GeneOrGeneProduct
31	17318851	856	860	GeneOrGeneProduct
31	17318851	942	947	OrganismTaxon
31	17318851	974	975	ChemicalEntity
31	17318851	1003	1004	ChemicalEntity
31	17318851	1023	1024	ChemicalEntity
31	17318851	1048	1052	GeneOrGeneProduct
31	17318851	1360	1361	ChemicalEntity
31	17318851	1375	1379	GeneOrGeneProduct
31	17318851	1381	1382	ChemicalEntity
31	17318851	1459	1463	GeneOrGeneProduct
31	17318851	1488	1492	GeneOrGeneProduct
31	17318851	1494	1495	ChemicalEntity
31	17318851	1526	1527	ChemicalEntity
32	17327131	116	121	OrganismTaxon
32	17327131	122	137	GeneOrGeneProduct
32	17327131	256	268	DiseaseOrPhenotypicFeature
32	17327131	503	511	OrganismTaxon
32	17327131	517	528	DiseaseOrPhenotypicFeature
32	17327131	1743	1754	DiseaseOrPhenotypicFeature
33	17384765	88	92	OrganismTaxon
33	17384765	723	732	DiseaseOrPhenotypicFeature
33	17384765	955	959	OrganismTaxon
33	17384765	1185	1189	OrganismTaxon
33	17384765	1481	1499	DiseaseOrPhenotypicFeature
34	17391797	29	30	ChemicalEntity
34	17391797	54	59	SequenceVariant
34	17391797	357	358	ChemicalEntity
34	17391797	378	382	GeneOrGeneProduct
34	17391797	445	464	ChemicalEntity
34	17391797	561	565	GeneOrGeneProduct
34	17391797	635	643	OrganismTaxon
34	17391797	838	842	GeneOrGeneProduct
34	17391797	888	896	OrganismTaxon
34	17391797	1010	1018	OrganismTaxon
34	17391797	1067	1075	OrganismTaxon
34	17391797	1135	1140	DiseaseOrPhenotypicFeature
34	17391797	1141	1149	OrganismTaxon
34	17391797	1259	1263	GeneOrGeneProduct
34	17391797	1299	1303	GeneOrGeneProduct
34	17391797	1425	1433	OrganismTaxon
34	17391797	1442	1447	DiseaseOrPhenotypicFeature
34	17391797	1482	1486	GeneOrGeneProduct
35	17495183	31	38	DiseaseOrPhenotypicFeature
35	17495183	43	51	DiseaseOrPhenotypicFeature
35	17495183	70	78	DiseaseOrPhenotypicFeature
35	17495183	205	215	DiseaseOrPhenotypicFeature
35	17495183	233	259	DiseaseOrPhenotypicFeature
35	17495183	261	264	DiseaseOrPhenotypicFeature
35	17495183	472	481	DiseaseOrPhenotypicFeature
35	17495183	483	490	ChemicalEntity
35	17495183	519	534	DiseaseOrPhenotypicFeature
35	17495183	663	671	DiseaseOrPhenotypicFeature
35	17495183	804	813	DiseaseOrPhenotypicFeature
35	17495183	817	822	OrganismTaxon
35	17495183	850	853	OrganismTaxon
35	17495183	953	960	ChemicalEntity
35	17495183	971	974	OrganismTaxon
35	17495183	1083	1086	DiseaseOrPhenotypicFeature
35	17495183	1097	1100	OrganismTaxon
35	17495183	1221	1228	ChemicalEntity
35	17495183	1435	1444	DiseaseOrPhenotypicFeature
35	17495183	1459	1466	ChemicalEntity
35	17495183	1498	1501	DiseaseOrPhenotypicFeature
35	17495183	1512	1515	OrganismTaxon
36	17572393	81	84	OrganismTaxon
36	17572393	94	98	ChemicalEntity
36	17572393	298	301	OrganismTaxon
36	17572393	396	400	ChemicalEntity
36	17572393	472	476	ChemicalEntity
36	17572393	566	570	OrganismTaxon
36	17572393	652	656	ChemicalEntity
36	17572393	669	673	ChemicalEntity
36	17572393	698	702	OrganismTaxon
36	17572393	719	723	ChemicalEntity
36	17572393	890	905	ChemicalEntity
36	17572393	910	930	GeneOrGeneProduct
36	17572393	1117	1121	ChemicalEntity
36	17572393	1251	1255	ChemicalEntity
36	17572393	1515	1519	ChemicalEntity
36	17572393	1598	1613	ChemicalEntity
36	17572393	1624	1628	ChemicalEntity
36	17572393	1696	1716	ChemicalEntity
36	17572393	1793	1797	ChemicalEntity
36	17572393	1928	1932	ChemicalEntity
37	17935240	42	62	DiseaseOrPhenotypicFeature
37	17935240	159	179	DiseaseOrPhenotypicFeature
37	17935240	819	827	OrganismTaxon
37	17935240	1276	1281	OrganismTaxon
38	17962394	173	187	DiseaseOrPhenotypicFeature
38	17962394	553	563	SequenceVariant
38	17962394	571	588	GeneOrGeneProduct
38	17962394	828	835	ChemicalEntity
39	18235024	267	270	GeneOrGeneProduct
39	18235024	490	498	OrganismTaxon
39	18235024	558	566	OrganismTaxon
39	18235024	1049	1057	OrganismTaxon
39	18235024	1526	1533	DiseaseOrPhenotypicFeature
39	18235024	1555	1563	OrganismTaxon
39	18235024	1628	1636	OrganismTaxon
39	18235024	1688	1702	DiseaseOrPhenotypicFeature
40	18408250	40	44	GeneOrGeneProduct
40	18408250	98	118	DiseaseOrPhenotypicFeature
40	18408250	191	195	GeneOrGeneProduct
40	18408250	286	301	DiseaseOrPhenotypicFeature
40	18408250	334	338	GeneOrGeneProduct
40	18408250	419	422	DiseaseOrPhenotypicFeature
40	18408250	491	510	DiseaseOrPhenotypicFeature
40	18408250	569	573	GeneOrGeneProduct
40	18408250	595	615	DiseaseOrPhenotypicFeature
40	18408250	617	619	DiseaseOrPhenotypicFeature
40	18408250	757	761	GeneOrGeneProduct
40	18408250	856	864	OrganismTaxon
40	18408250	870	872	DiseaseOrPhenotypicFeature
40	18408250	908	916	OrganismTaxon
40	18408250	922	924	DiseaseOrPhenotypicFeature
40	18408250	991	996	OrganismTaxon
40	18408250	1042	1044	DiseaseOrPhenotypicFeature
40	18408250	1162	1164	DiseaseOrPhenotypicFeature
40	18408250	1291	1299	OrganismTaxon
40	18408250	1323	1325	DiseaseOrPhenotypicFeature
40	18408250	1387	1389	DiseaseOrPhenotypicFeature
40	18408250	1393	1401	OrganismTaxon
40	18408250	1412	1414	DiseaseOrPhenotypicFeature
40	18408250	1483	1491	OrganismTaxon
40	18408250	1505	1507	DiseaseOrPhenotypicFeature
40	18408250	1626	1628	DiseaseOrPhenotypicFeature
40	18408250	1759	1763	GeneOrGeneProduct
40	18408250	1813	1815	DiseaseOrPhenotypicFeature
40	18408250	1881	1889	OrganismTaxon
40	18408250	1900	1902	DiseaseOrPhenotypicFeature
41	18487244	59	67	OrganismTaxon
41	18487244	316	331	DiseaseOrPhenotypicFeature
41	18487244	541	549	OrganismTaxon
41	18487244	702	710	OrganismTaxon
41	18487244	805	813	OrganismTaxon
41	18487244	957	965	OrganismTaxon
41	18487244	1328	1335	OrganismTaxon
42	18631865	24	35	DiseaseOrPhenotypicFeature
42	18631865	153	164	GeneOrGeneProduct
42	18631865	179	208	GeneOrGeneProduct
42	18631865	304	315	DiseaseOrPhenotypicFeature
42	18631865	325	336	DiseaseOrPhenotypicFeature
42	18631865	473	484	DiseaseOrPhenotypicFeature
42	18631865	531	542	GeneOrGeneProduct
42	18631865	600	611	DiseaseOrPhenotypicFeature
42	18631865	687	695	OrganismTaxon
42	18631865	764	782	DiseaseOrPhenotypicFeature
42	18631865	828	836	OrganismTaxon
42	18631865	987	998	DiseaseOrPhenotypicFeature
43	18768591	11	25	ChemicalEntity
43	18768591	48	59	ChemicalEntity
43	18768591	68	86	DiseaseOrPhenotypicFeature
43	18768591	88	99	ChemicalEntity
43	18768591	108	119	DiseaseOrPhenotypicFeature
43	18768591	140	146	ChemicalEntity
43	18768591	193	207	DiseaseOrPhenotypicFeature
43	18768591	213	224	ChemicalEntity
43	18768591	246	260	ChemicalEntity
43	18768591	355	369	DiseaseOrPhenotypicFeature
43	18768591	380	397	ChemicalEntity
43	18768591	505	513	DiseaseOrPhenotypicFeature
43	18768591	521	539	DiseaseOrPhenotypicFeature
43	18768591	554	565	ChemicalEntity
43	18768591	631	635	OrganismTaxon
43	18768591	706	717	ChemicalEntity
43	18768591	746	757	DiseaseOrPhenotypicFeature
43	18768591	829	833	OrganismTaxon
43	18768591	852	870	DiseaseOrPhenotypicFeature
43	18768591	876	883	DiseaseOrPhenotypicFeature
43	18768591	942	953	ChemicalEntity
43	18768591	984	988	OrganismTaxon
43	18768591	1074	1078	OrganismTaxon
43	18768591	1088	1094	ChemicalEntity
43	18768591	1152	1156	OrganismTaxon
43	18768591	1200	1204	OrganismTaxon
43	18768591	1282	1293	DiseaseOrPhenotypicFeature
43	18768591	1331	1335	OrganismTaxon
43	18768591	1392	1410	DiseaseOrPhenotypicFeature
43	18768591	1418	1422	ChemicalEntity
43	18768591	1482	1486	OrganismTaxon
43	18768591	1505	1509	OrganismTaxon
43	18768591	1571	1575	OrganismTaxon
43	18768591	1605	1609	OrganismTaxon
43	18768591	1641	1645	OrganismTaxon
43	18768591	1723	1737	DiseaseOrPhenotypicFeature
43	18768591	1758	1776	DiseaseOrPhenotypicFeature
44	18991055	52	58	GeneOrGeneProduct
44	18991055	76	80	GeneOrGeneProduct
44	18991055	100	115	DiseaseOrPhenotypicFeature
44	18991055	281	305	DiseaseOrPhenotypicFeature
44	18991055	307	311	DiseaseOrPhenotypicFeature
44	18991055	420	426	GeneOrGeneProduct
44	18991055	444	448	GeneOrGeneProduct
44	18991055	483	487	DiseaseOrPhenotypicFeature
44	18991055	586	594	OrganismTaxon
44	18991055	600	604	DiseaseOrPhenotypicFeature
44	18991055	617	625	DiseaseOrPhenotypicFeature
44	18991055	805	812	ChemicalEntity
44	18991055	820	828	OrganismTaxon
44	18991055	1068	1069	ChemicalEntity
44	18991055	1144	1150	GeneOrGeneProduct
44	18991055	1273	1277	DiseaseOrPhenotypicFeature
44	18991055	1390	1394	DiseaseOrPhenotypicFeature
44	18991055	1429	1433	GeneOrGeneProduct
44	18991055	1503	1509	GeneOrGeneProduct
44	18991055	1556	1560	DiseaseOrPhenotypicFeature
45	19058010	24	33	ChemicalEntity
45	19058010	49	62	ChemicalEntity
45	19058010	71	92	DiseaseOrPhenotypicFeature
45	19058010	96	100	OrganismTaxon
45	19058010	183	192	ChemicalEntity
45	19058010	245	250	ChemicalEntity
45	19058010	276	288	ChemicalEntity
45	19058010	319	332	ChemicalEntity
45	19058010	347	368	DiseaseOrPhenotypicFeature
45	19058010	372	376	OrganismTaxon
45	19058010	396	400	OrganismTaxon
45	19058010	550	555	ChemicalEntity
45	19058010	578	584	GeneOrGeneProduct
45	19058010	668	680	ChemicalEntity
45	19058010	690	696	GeneOrGeneProduct
45	19058010	706	712	GeneOrGeneProduct
45	19058010	775	784	ChemicalEntity
45	19058010	968	973	ChemicalEntity
45	19058010	993	999	GeneOrGeneProduct
45	19058010	1058	1070	ChemicalEntity
45	19058010	1079	1085	GeneOrGeneProduct
45	19058010	1095	1101	GeneOrGeneProduct
45	19058010	1156	1165	ChemicalEntity
45	19058010	1263	1272	ChemicalEntity
45	19058010	1292	1313	DiseaseOrPhenotypicFeature
45	19058010	1317	1321	OrganismTaxon
46	19218574	89	94	OrganismTaxon
46	19218574	139	146	GeneOrGeneProduct
46	19218574	284	291	GeneOrGeneProduct
46	19218574	334	341	ChemicalEntity
46	19218574	351	358	ChemicalEntity
46	19218574	675	683	OrganismTaxon
46	19218574	1026	1027	ChemicalEntity
46	19218574	1460	1461	ChemicalEntity
46	19218574	1481	1493	ChemicalEntity
46	19218574	1625	1626	ChemicalEntity
46	19218574	1841	1853	ChemicalEntity
46	19218574	1862	1870	OrganismTaxon
47	19353688	716	724	DiseaseOrPhenotypicFeature
47	19353688	763	775	DiseaseOrPhenotypicFeature
47	19353688	891	899	DiseaseOrPhenotypicFeature
47	19353688	1025	1033	DiseaseOrPhenotypicFeature
47	19353688	1312	1319	OrganismTaxon
47	19353688	1366	1374	DiseaseOrPhenotypicFeature
47	19353688	1413	1421	DiseaseOrPhenotypicFeature
47	19353688	1462	1470	DiseaseOrPhenotypicFeature
48	19521089	0	9	ChemicalEntity
48	19521089	47	55	GeneOrGeneProduct
48	19521089	87	106	DiseaseOrPhenotypicFeature
48	19521089	117	136	DiseaseOrPhenotypicFeature
48	19521089	138	140	DiseaseOrPhenotypicFeature
48	19521089	147	173	DiseaseOrPhenotypicFeature
48	19521089	282	284	DiseaseOrPhenotypicFeature
48	19521089	321	342	GeneOrGeneProduct
48	19521089	376	384	GeneOrGeneProduct
48	19521089	621	623	DiseaseOrPhenotypicFeature
48	19521089	667	675	GeneOrGeneProduct
48	19521089	701	703	DiseaseOrPhenotypicFeature
48	19521089	797	805	GeneOrGeneProduct
48	19521089	845	847	DiseaseOrPhenotypicFeature
48	19521089	876	884	GeneOrGeneProduct
48	19521089	963	965	DiseaseOrPhenotypicFeature
49	19592582	26	30	ChemicalEntity
49	19592582	42	46	ChemicalEntity
49	19592582	58	64	DiseaseOrPhenotypicFeature
49	19592582	65	73	OrganismTaxon
49	19592582	204	210	OrganismTaxon
49	19592582	234	238	ChemicalEntity
49	19592582	250	254	ChemicalEntity
49	19592582	266	272	DiseaseOrPhenotypicFeature
49	19592582	297	305	GeneOrGeneProduct
49	19592582	735	736	ChemicalEntity
49	19592582	972	980	GeneOrGeneProduct
49	19592582	1402	1406	ChemicalEntity
50	19642243	6	19	DiseaseOrPhenotypicFeature
50	19642243	23	31	OrganismTaxon
50	19642243	37	41	DiseaseOrPhenotypicFeature
50	19642243	45	54	ChemicalEntity
50	19642243	81	91	ChemicalEntity
50	19642243	170	180	ChemicalEntity
50	19642243	194	202	OrganismTaxon
50	19642243	222	231	ChemicalEntity
50	19642243	447	461	DiseaseOrPhenotypicFeature
50	19642243	520	531	DiseaseOrPhenotypicFeature
50	19642243	571	580	ChemicalEntity
50	19642243	603	616	DiseaseOrPhenotypicFeature
50	19642243	652	662	ChemicalEntity
51	19696792	85	101	DiseaseOrPhenotypicFeature
51	19696792	190	202	DiseaseOrPhenotypicFeature
51	19696792	221	231	DiseaseOrPhenotypicFeature
51	19696792	247	263	DiseaseOrPhenotypicFeature
51	19696792	268	276	DiseaseOrPhenotypicFeature
51	19696792	379	395	DiseaseOrPhenotypicFeature
51	19696792	437	445	OrganismTaxon
51	19696792	467	483	DiseaseOrPhenotypicFeature
51	19696792	491	499	OrganismTaxon
51	19696792	524	532	DiseaseOrPhenotypicFeature
51	19696792	744	760	DiseaseOrPhenotypicFeature
51	19696792	998	1014	DiseaseOrPhenotypicFeature
51	19696792	1312	1328	DiseaseOrPhenotypicFeature
52	19728177	82	94	DiseaseOrPhenotypicFeature
52	19728177	196	204	OrganismTaxon
52	19728177	465	478	ChemicalEntity
52	19728177	522	529	OrganismTaxon
52	19728177	600	608	DiseaseOrPhenotypicFeature
52	19728177	614	627	ChemicalEntity
52	19728177	672	679	OrganismTaxon
52	19728177	684	693	DiseaseOrPhenotypicFeature
52	19728177	791	804	ChemicalEntity
52	19728177	829	836	OrganismTaxon
52	19728177	1094	1101	OrganismTaxon
52	19728177	1156	1168	DiseaseOrPhenotypicFeature
52	19728177	1264	1272	OrganismTaxon
52	19728177	1306	1319	ChemicalEntity
52	19728177	1501	1509	OrganismTaxon
53	19811499	37	64	GeneOrGeneProduct
53	19811499	66	87	GeneOrGeneProduct
53	19811499	139	149	DiseaseOrPhenotypicFeature
53	19811499	170	185	DiseaseOrPhenotypicFeature
53	19811499	303	318	DiseaseOrPhenotypicFeature
53	19811499	320	322	DiseaseOrPhenotypicFeature
53	19811499	324	334	DiseaseOrPhenotypicFeature
53	19811499	455	458	GeneOrGeneProduct
53	19811499	514	540	GeneOrGeneProduct
53	19811499	608	623	DiseaseOrPhenotypicFeature
53	19811499	673	682	GeneOrGeneProduct
53	19811499	717	722	OrganismTaxon
53	19811499	723	728	DiseaseOrPhenotypicFeature
53	19811499	729	737	DiseaseOrPhenotypicFeature
53	19811499	789	792	GeneOrGeneProduct
53	19811499	1029	1037	GeneOrGeneProduct
53	19811499	1057	1059	GeneOrGeneProduct
53	19811499	1108	1110	DiseaseOrPhenotypicFeature
53	19811499	1125	1130	GeneOrGeneProduct
53	19811499	1290	1299	GeneOrGeneProduct
53	19811499	1337	1346	GeneOrGeneProduct
53	19811499	1366	1375	GeneOrGeneProduct
53	19811499	1405	1414	GeneOrGeneProduct
53	19811499	1460	1463	GeneOrGeneProduct
53	19811499	1474	1478	GeneOrGeneProduct
53	19811499	1527	1536	GeneOrGeneProduct
53	19811499	1738	1747	GeneOrGeneProduct
53	19811499	1761	1765	GeneOrGeneProduct
53	19811499	1875	1884	GeneOrGeneProduct
53	19811499	2082	2084	DiseaseOrPhenotypicFeature
54	19918264	0	5	GeneOrGeneProduct
54	19918264	33	48	DiseaseOrPhenotypicFeature
54	19918264	66	69	OrganismTaxon
54	19918264	108	113	GeneOrGeneProduct
54	19918264	318	323	GeneOrGeneProduct
54	19918264	375	382	ChemicalEntity
54	19918264	477	492	DiseaseOrPhenotypicFeature
54	19918264	493	501	OrganismTaxon
54	19918264	551	566	DiseaseOrPhenotypicFeature
54	19918264	567	575	OrganismTaxon
54	19918264	581	584	DiseaseOrPhenotypicFeature
54	19918264	585	593	OrganismTaxon
54	19918264	711	716	GeneOrGeneProduct
54	19918264	840	855	DiseaseOrPhenotypicFeature
54	19918264	944	950	DiseaseOrPhenotypicFeature
54	19918264	987	990	DiseaseOrPhenotypicFeature
54	19918264	1067	1073	DiseaseOrPhenotypicFeature
54	19918264	1078	1081	DiseaseOrPhenotypicFeature
54	19918264	1082	1090	OrganismTaxon
54	19918264	1107	1113	DiseaseOrPhenotypicFeature
54	19918264	1194	1199	GeneOrGeneProduct
54	19918264	1241	1256	DiseaseOrPhenotypicFeature
54	19918264	1269	1272	OrganismTaxon
55	19923525	20	37	DiseaseOrPhenotypicFeature
55	19923525	70	81	DiseaseOrPhenotypicFeature
55	19923525	91	95	OrganismTaxon
55	19923525	212	233	DiseaseOrPhenotypicFeature
55	19923525	340	351	DiseaseOrPhenotypicFeature
55	19923525	712	716	OrganismTaxon
55	19923525	911	922	DiseaseOrPhenotypicFeature
55	19923525	1120	1124	OrganismTaxon
55	19923525	1138	1149	DiseaseOrPhenotypicFeature
55	19923525	1473	1474	ChemicalEntity
55	19923525	1508	1512	OrganismTaxon
55	19923525	1809	1813	OrganismTaxon
55	19923525	1952	1953	ChemicalEntity
55	19923525	2359	2363	OrganismTaxon
55	19923525	2389	2400	DiseaseOrPhenotypicFeature
55	19923525	2544	2555	DiseaseOrPhenotypicFeature
55	19923525	2635	2642	ChemicalEntity
55	19923525	2662	2673	DiseaseOrPhenotypicFeature
56	20105280	10	13	GeneOrGeneProduct
56	20105280	122	125	GeneOrGeneProduct
56	20105280	242	247	OrganismTaxon
56	20105280	248	255	DiseaseOrPhenotypicFeature
56	20105280	257	262	DiseaseOrPhenotypicFeature
56	20105280	290	293	GeneOrGeneProduct
56	20105280	410	416	OrganismTaxon
56	20105280	841	845	OrganismTaxon
56	20105280	894	899	OrganismTaxon
56	20105280	902	905	GeneOrGeneProduct
56	20105280	944	947	GeneOrGeneProduct
56	20105280	1056	1065	GeneOrGeneProduct
56	20105280	1220	1227	GeneOrGeneProduct
56	20105280	1264	1267	GeneOrGeneProduct
56	20105280	1318	1322	GeneOrGeneProduct
56	20105280	1433	1436	GeneOrGeneProduct
56	20105280	1441	1444	GeneOrGeneProduct
56	20105280	1593	1596	GeneOrGeneProduct
56	20105280	1609	1612	GeneOrGeneProduct
56	20105280	1701	1704	GeneOrGeneProduct
56	20105280	2015	2018	GeneOrGeneProduct
56	20105280	2093	2096	GeneOrGeneProduct
57	20195852	8	19	DiseaseOrPhenotypicFeature
57	20195852	192	203	DiseaseOrPhenotypicFeature
57	20195852	205	208	DiseaseOrPhenotypicFeature
57	20195852	232	240	OrganismTaxon
57	20195852	389	397	OrganismTaxon
57	20195852	481	484	DiseaseOrPhenotypicFeature
57	20195852	555	563	OrganismTaxon
57	20195852	709	717	OrganismTaxon
57	20195852	825	831	ChemicalEntity
57	20195852	838	847	ChemicalEntity
57	20195852	857	867	ChemicalEntity
57	20195852	1074	1087	DiseaseOrPhenotypicFeature
57	20195852	1178	1190	DiseaseOrPhenotypicFeature
57	20195852	1228	1231	DiseaseOrPhenotypicFeature
57	20195852	1301	1304	DiseaseOrPhenotypicFeature
57	20195852	1305	1313	OrganismTaxon
57	20195852	1336	1344	OrganismTaxon
57	20195852	1389	1401	DiseaseOrPhenotypicFeature
57	20195852	1457	1469	DiseaseOrPhenotypicFeature
57	20195852	1492	1500	OrganismTaxon
57	20195852	1506	1509	DiseaseOrPhenotypicFeature
57	20195852	1688	1691	DiseaseOrPhenotypicFeature
57	20195852	1757	1765	OrganismTaxon
57	20195852	1771	1774	DiseaseOrPhenotypicFeature
57	20195852	1802	1816	DiseaseOrPhenotypicFeature
57	20195852	1895	1903	OrganismTaxon
57	20195852	1945	1948	DiseaseOrPhenotypicFeature
57	20195852	2099	2102	DiseaseOrPhenotypicFeature
58	20520283	51	62	ChemicalEntity
58	20520283	83	91	OrganismTaxon
58	20520283	119	132	DiseaseOrPhenotypicFeature
58	20520283	226	239	DiseaseOrPhenotypicFeature
58	20520283	286	304	DiseaseOrPhenotypicFeature
58	20520283	377	385	OrganismTaxon
58	20520283	397	410	DiseaseOrPhenotypicFeature
58	20520283	536	547	ChemicalEntity
58	20520283	795	806	ChemicalEntity
58	20520283	841	842	ChemicalEntity
58	20520283	1015	1026	ChemicalEntity
58	20520283	1060	1061	ChemicalEntity
58	20520283	1453	1464	ChemicalEntity
58	20520283	1615	1626	ChemicalEntity
58	20520283	1700	1708	OrganismTaxon
58	20520283	1824	1835	ChemicalEntity
58	20520283	1884	1907	DiseaseOrPhenotypicFeature
59	20528871	33	42	ChemicalEntity
59	20528871	48	64	ChemicalEntity
59	20528871	99	100	ChemicalEntity
59	20528871	120	129	DiseaseOrPhenotypicFeature
59	20528871	134	142	DiseaseOrPhenotypicFeature
59	20528871	198	207	ChemicalEntity
59	20528871	217	233	ChemicalEntity
59	20528871	356	357	ChemicalEntity
59	20528871	363	372	DiseaseOrPhenotypicFeature
59	20528871	376	384	DiseaseOrPhenotypicFeature
59	20528871	512	516	DiseaseOrPhenotypicFeature
59	20528871	533	541	DiseaseOrPhenotypicFeature
59	20528871	697	705	OrganismTaxon
59	20528871	927	936	ChemicalEntity
59	20528871	941	957	ChemicalEntity
59	20528871	981	989	DiseaseOrPhenotypicFeature
60	20648600	18	28	ChemicalEntity
60	20648600	63	71	OrganismTaxon
60	20648600	89	92	OrganismTaxon
60	20648600	173	183	ChemicalEntity
60	20648600	185	188	ChemicalEntity
60	20648600	194	203	ChemicalEntity
60	20648600	245	253	OrganismTaxon
60	20648600	271	274	OrganismTaxon
60	20648600	279	296	OrganismTaxon
60	20648600	298	301	OrganismTaxon
60	20648600	335	343	OrganismTaxon
60	20648600	349	352	OrganismTaxon
60	20648600	368	376	OrganismTaxon
60	20648600	404	409	ChemicalEntity
60	20648600	433	436	OrganismTaxon
60	20648600	509	512	OrganismTaxon
60	20648600	590	597	GeneOrGeneProduct
60	20648600	654	662	OrganismTaxon
60	20648600	671	680	DiseaseOrPhenotypicFeature
60	20648600	718	721	OrganismTaxon
60	20648600	744	752	OrganismTaxon
60	20648600	840	848	OrganismTaxon
60	20648600	867	870	ChemicalEntity
60	20648600	879	887	OrganismTaxon
60	20648600	906	909	ChemicalEntity
60	20648600	946	949	ChemicalEntity
60	20648600	987	990	ChemicalEntity
60	20648600	1072	1080	OrganismTaxon
60	20648600	1086	1093	DiseaseOrPhenotypicFeature
60	20648600	1163	1171	OrganismTaxon
60	20648600	1179	1187	OrganismTaxon
60	20648600	1363	1364	ChemicalEntity
60	20648600	1385	1392	GeneOrGeneProduct
60	20648600	1520	1523	ChemicalEntity
60	20648600	1590	1593	OrganismTaxon
61	20683499	102	121	DiseaseOrPhenotypicFeature
61	20683499	130	134	OrganismTaxon
61	20683499	374	393	DiseaseOrPhenotypicFeature
61	20683499	449	452	ChemicalEntity
61	20683499	462	466	OrganismTaxon
61	20683499	512	516	OrganismTaxon
61	20683499	609	612	ChemicalEntity
61	20683499	623	626	ChemicalEntity
61	20683499	666	685	DiseaseOrPhenotypicFeature
61	20683499	694	698	OrganismTaxon
61	20683499	718	721	ChemicalEntity
61	20683499	789	792	ChemicalEntity
61	20683499	826	829	ChemicalEntity
61	20683499	1236	1239	ChemicalEntity
61	20683499	1249	1253	OrganismTaxon
61	20683499	1330	1333	ChemicalEntity
61	20683499	1343	1347	OrganismTaxon
61	20683499	1435	1452	DiseaseOrPhenotypicFeature
61	20683499	1464	1467	ChemicalEntity
61	20683499	1618	1636	DiseaseOrPhenotypicFeature
61	20683499	1647	1650	ChemicalEntity
61	20683499	1658	1662	OrganismTaxon
61	20683499	1736	1755	DiseaseOrPhenotypicFeature
62	20806042	44	52	DiseaseOrPhenotypicFeature
62	20806042	133	147	DiseaseOrPhenotypicFeature
62	20806042	229	237	DiseaseOrPhenotypicFeature
62	20806042	1186	1194	DiseaseOrPhenotypicFeature
63	21496008	138	143	OrganismTaxon
63	21496008	193	206	DiseaseOrPhenotypicFeature
63	21496008	324	335	ChemicalEntity
63	21496008	1155	1156	ChemicalEntity
63	21496008	1250	1258	OrganismTaxon
64	21699520	110	115	OrganismTaxon
64	21699520	127	137	DiseaseOrPhenotypicFeature
64	21699520	162	172	DiseaseOrPhenotypicFeature
64	21699520	202	207	OrganismTaxon
64	21699520	208	214	DiseaseOrPhenotypicFeature
64	21699520	485	490	DiseaseOrPhenotypicFeature
64	21699520	713	718	DiseaseOrPhenotypicFeature
64	21699520	1135	1136	ChemicalEntity
64	21699520	1207	1212	DiseaseOrPhenotypicFeature
64	21699520	1226	1233	OrganismTaxon
64	21699520	1379	1384	DiseaseOrPhenotypicFeature
64	21699520	1413	1414	ChemicalEntity
65	21799811	28	29	ChemicalEntity
65	21799811	71	82	DiseaseOrPhenotypicFeature
65	21799811	219	225	ChemicalEntity
65	21799811	365	366	ChemicalEntity
65	21799811	943	944	ChemicalEntity
65	21799811	966	977	DiseaseOrPhenotypicFeature
65	21799811	1309	1310	ChemicalEntity
65	21799811	1644	1645	ChemicalEntity
65	21799811	1669	1680	DiseaseOrPhenotypicFeature
65	21799811	1713	1714	ChemicalEntity
65	21799811	1758	1769	DiseaseOrPhenotypicFeature
65	21799811	1874	1885	DiseaseOrPhenotypicFeature
66	21810259	0	5	OrganismTaxon
66	21810259	51	57	OrganismTaxon
66	21810259	102	105	GeneOrGeneProduct
66	21810259	106	138	GeneOrGeneProduct
66	21810259	337	347	DiseaseOrPhenotypicFeature
66	21810259	371	376	OrganismTaxon
66	21810259	377	393	DiseaseOrPhenotypicFeature
66	21810259	408	413	OrganismTaxon
66	21810259	434	444	DiseaseOrPhenotypicFeature
66	21810259	462	466	OrganismTaxon
66	21810259	584	591	CellLine
66	21810259	592	596	OrganismTaxon
66	21810259	644	648	OrganismTaxon
66	21810259	848	856	GeneOrGeneProduct
66	21810259	983	993	DiseaseOrPhenotypicFeature
66	21810259	1240	1244	GeneOrGeneProduct
66	21810259	1249	1253	GeneOrGeneProduct
66	21810259	1348	1369	GeneOrGeneProduct
66	21810259	1371	1375	GeneOrGeneProduct
66	21810259	1385	1406	GeneOrGeneProduct
66	21810259	1555	1558	GeneOrGeneProduct
66	21810259	1559	1591	GeneOrGeneProduct
66	21810259	1593	1597	GeneOrGeneProduct
66	21810259	1793	1797	GeneOrGeneProduct
66	21810259	1799	1803	GeneOrGeneProduct
66	21810259	1805	1809	GeneOrGeneProduct
66	21810259	1951	1959	GeneOrGeneProduct
66	21810259	1989	1997	GeneOrGeneProduct
66	21810259	2059	2069	DiseaseOrPhenotypicFeature
66	21810259	2083	2097	DiseaseOrPhenotypicFeature
66	21810259	2098	2106	OrganismTaxon
67	21911891	92	97	DiseaseOrPhenotypicFeature
67	21911891	107	115	OrganismTaxon
67	21911891	121	154	DiseaseOrPhenotypicFeature
67	21911891	212	217	GeneOrGeneProduct
67	21911891	413	418	GeneOrGeneProduct
67	21911891	435	440	GeneOrGeneProduct
67	21911891	468	488	DiseaseOrPhenotypicFeature
67	21911891	524	529	GeneOrGeneProduct
67	21911891	581	595	DiseaseOrPhenotypicFeature
67	21911891	610	643	DiseaseOrPhenotypicFeature
67	21911891	645	650	DiseaseOrPhenotypicFeature
67	21911891	664	669	DiseaseOrPhenotypicFeature
67	21911891	670	678	OrganismTaxon
67	21911891	727	732	DiseaseOrPhenotypicFeature
67	21911891	733	741	OrganismTaxon
67	21911891	782	787	DiseaseOrPhenotypicFeature
67	21911891	891	896	GeneOrGeneProduct
67	21911891	1009	1022	ChemicalEntity
67	21911891	1029	1031	GeneOrGeneProduct
67	21911891	1033	1045	DiseaseOrPhenotypicFeature
67	21911891	1050	1058	DiseaseOrPhenotypicFeature
67	21911891	1088	1093	DiseaseOrPhenotypicFeature
67	21911891	1094	1102	OrganismTaxon
67	21911891	1133	1138	GeneOrGeneProduct
67	21911891	1164	1169	DiseaseOrPhenotypicFeature
67	21911891	1170	1178	OrganismTaxon
67	21911891	1298	1303	GeneOrGeneProduct
67	21911891	1385	1390	GeneOrGeneProduct
67	21911891	1411	1416	DiseaseOrPhenotypicFeature
67	21911891	1417	1425	OrganismTaxon
67	21911891	1431	1445	DiseaseOrPhenotypicFeature
67	21911891	1471	1479	OrganismTaxon
67	21911891	1488	1502	DiseaseOrPhenotypicFeature
67	21911891	1527	1532	GeneOrGeneProduct
67	21911891	1586	1594	OrganismTaxon
67	21911891	1611	1625	DiseaseOrPhenotypicFeature
67	21911891	1678	1683	DiseaseOrPhenotypicFeature
67	21911891	1684	1692	OrganismTaxon
67	21911891	1717	1722	GeneOrGeneProduct
67	21911891	1749	1754	GeneOrGeneProduct
67	21911891	1799	1804	DiseaseOrPhenotypicFeature
67	21911891	1970	1975	GeneOrGeneProduct
67	21911891	2012	2026	DiseaseOrPhenotypicFeature
67	21911891	2030	2035	DiseaseOrPhenotypicFeature
67	21911891	2036	2044	OrganismTaxon
68	22048266	79	92	DiseaseOrPhenotypicFeature
68	22048266	182	195	DiseaseOrPhenotypicFeature
68	22048266	957	958	ChemicalEntity
68	22048266	994	995	ChemicalEntity
68	22048266	1139	1140	ChemicalEntity
68	22048266	1283	1290	ChemicalEntity
69	22180037	28	39	ChemicalEntity
69	22180037	63	68	GeneOrGeneProduct
69	22180037	92	107	DiseaseOrPhenotypicFeature
69	22180037	166	171	GeneOrGeneProduct
69	22180037	280	285	GeneOrGeneProduct
69	22180037	289	294	SequenceVariant
69	22180037	359	368	SequenceVariant
69	22180037	403	408	GeneOrGeneProduct
69	22180037	443	448	GeneOrGeneProduct
69	22180037	469	474	GeneOrGeneProduct
69	22180037	475	484	SequenceVariant
69	22180037	507	522	DiseaseOrPhenotypicFeature
69	22180037	603	618	DiseaseOrPhenotypicFeature
69	22180037	632	659	DiseaseOrPhenotypicFeature
69	22180037	683	688	GeneOrGeneProduct
69	22180037	689	698	SequenceVariant
69	22180037	865	870	GeneOrGeneProduct
69	22180037	871	880	SequenceVariant
69	22180037	930	937	SequenceVariant
69	22180037	984	999	DiseaseOrPhenotypicFeature
69	22180037	1032	1059	DiseaseOrPhenotypicFeature
69	22180037	1177	1182	GeneOrGeneProduct
69	22180037	1183	1190	SequenceVariant
69	22180037	1261	1266	GeneOrGeneProduct
69	22180037	1267	1274	SequenceVariant
69	22180037	1315	1330	DiseaseOrPhenotypicFeature
70	22369755	30	37	GeneOrGeneProduct
70	22369755	126	139	ChemicalEntity
70	22369755	215	222	OrganismTaxon
70	22369755	301	313	DiseaseOrPhenotypicFeature
70	22369755	500	507	GeneOrGeneProduct
70	22369755	602	615	DiseaseOrPhenotypicFeature
70	22369755	619	624	OrganismTaxon
70	22369755	781	784	GeneOrGeneProduct
70	22369755	789	795	GeneOrGeneProduct
70	22369755	821	824	DiseaseOrPhenotypicFeature
70	22369755	854	857	GeneOrGeneProduct
70	22369755	938	944	DiseaseOrPhenotypicFeature
70	22369755	1037	1040	GeneOrGeneProduct
70	22369755	1060	1063	GeneOrGeneProduct
70	22369755	1111	1117	GeneOrGeneProduct
70	22369755	1122	1127	GeneOrGeneProduct
70	22369755	1233	1236	GeneOrGeneProduct
70	22369755	1357	1363	GeneOrGeneProduct
70	22369755	1414	1426	GeneOrGeneProduct
70	22369755	1447	1452	DiseaseOrPhenotypicFeature
70	22369755	1610	1615	GeneOrGeneProduct
70	22369755	1693	1700	GeneOrGeneProduct
70	22369755	1774	1785	DiseaseOrPhenotypicFeature
71	22729903	61	89	DiseaseOrPhenotypicFeature
71	22729903	188	216	DiseaseOrPhenotypicFeature
71	22729903	218	221	DiseaseOrPhenotypicFeature
71	22729903	333	336	DiseaseOrPhenotypicFeature
71	22729903	392	397	SequenceVariant
71	22729903	426	434	OrganismTaxon
71	22729903	440	443	DiseaseOrPhenotypicFeature
71	22729903	529	537	OrganismTaxon
71	22729903	615	618	DiseaseOrPhenotypicFeature
71	22729903	839	842	DiseaseOrPhenotypicFeature
71	22729903	954	957	DiseaseOrPhenotypicFeature
71	22729903	958	966	OrganismTaxon
71	22729903	1052	1055	DiseaseOrPhenotypicFeature
71	22729903	1056	1064	OrganismTaxon
71	22729903	1509	1512	DiseaseOrPhenotypicFeature
72	23872883	66	80	DiseaseOrPhenotypicFeature
72	23872883	307	320	ChemicalEntity
72	23872883	329	343	DiseaseOrPhenotypicFeature
72	23872883	347	351	OrganismTaxon
72	23872883	383	396	ChemicalEntity
72	23872883	413	417	OrganismTaxon
72	23872883	513	534	GeneOrGeneProduct
72	23872883	536	558	ChemicalEntity
72	23872883	582	604	GeneOrGeneProduct
72	23872883	610	639	GeneOrGeneProduct
72	23872883	658	669	ChemicalEntity
72	23872883	671	684	ChemicalEntity
72	23872883	697	707	ChemicalEntity
72	23872883	724	739	ChemicalEntity
72	23872883	741	744	ChemicalEntity
72	23872883	751	763	ChemicalEntity
72	23872883	811	822	ChemicalEntity
72	23872883	827	847	GeneOrGeneProduct
72	23872883	907	908	ChemicalEntity
72	23872883	1004	1017	ChemicalEntity
72	23872883	1134	1163	GeneOrGeneProduct
72	23872883	1359	1362	ChemicalEntity
72	23872883	1388	1399	ChemicalEntity
72	23872883	1410	1423	ChemicalEntity
72	23872883	1432	1436	OrganismTaxon
73	24114426	83	116	ChemicalEntity
73	24114426	118	122	ChemicalEntity
73	24114426	124	131	ChemicalEntity
73	24114426	145	152	ChemicalEntity
73	24114426	154	187	ChemicalEntity
73	24114426	189	193	ChemicalEntity
73	24114426	270	275	OrganismTaxon
73	24114426	482	489	ChemicalEntity
73	24114426	731	738	ChemicalEntity
73	24114426	739	747	ChemicalEntity
73	24114426	749	751	DiseaseOrPhenotypicFeature
73	24114426	754	762	ChemicalEntity
73	24114426	763	770	ChemicalEntity
73	24114426	771	779	ChemicalEntity
73	24114426	791	798	ChemicalEntity
73	24114426	809	811	DiseaseOrPhenotypicFeature
73	24114426	823	830	ChemicalEntity
73	24114426	857	861	ChemicalEntity
73	24114426	882	886	ChemicalEntity
73	24114426	1143	1145	DiseaseOrPhenotypicFeature
73	24114426	1219	1223	ChemicalEntity
73	24114426	1231	1235	ChemicalEntity
73	24114426	1415	1422	ChemicalEntity
73	24114426	1481	1488	ChemicalEntity
73	24114426	1709	1719	DiseaseOrPhenotypicFeature
73	24114426	1803	1810	ChemicalEntity
74	24126708	59	67	ChemicalEntity
74	24126708	87	106	DiseaseOrPhenotypicFeature
74	24126708	107	115	OrganismTaxon
74	24126708	117	125	ChemicalEntity
74	24126708	172	191	DiseaseOrPhenotypicFeature
74	24126708	281	291	DiseaseOrPhenotypicFeature
74	24126708	364	373	ChemicalEntity
74	24126708	603	611	ChemicalEntity
74	24126708	636	644	OrganismTaxon
74	24126708	650	680	DiseaseOrPhenotypicFeature
74	24126708	700	708	OrganismTaxon
74	24126708	875	885	DiseaseOrPhenotypicFeature
74	24126708	1127	1135	ChemicalEntity
75	24132704	16	21	ChemicalEntity
75	24132704	74	80	GeneOrGeneProduct
75	24132704	92	95	OrganismTaxon
75	24132704	268	273	ChemicalEntity
75	24132704	435	438	GeneOrGeneProduct
75	24132704	571	576	ChemicalEntity
75	24132704	589	592	GeneOrGeneProduct
75	24132704	629	633	OrganismTaxon
75	24132704	736	747	ChemicalEntity
75	24132704	785	789	OrganismTaxon
75	24132704	1031	1042	ChemicalEntity
75	24132704	1044	1056	GeneOrGeneProduct
75	24132704	1077	1081	OrganismTaxon
75	24132704	1130	1136	GeneOrGeneProduct
75	24132704	1195	1201	GeneOrGeneProduct
75	24132704	1205	1208	OrganismTaxon
75	24132704	1415	1426	ChemicalEntity
75	24132704	1428	1440	GeneOrGeneProduct
75	24132704	1478	1484	GeneOrGeneProduct
75	24132704	1559	1562	GeneOrGeneProduct
75	24132704	1770	1773	GeneOrGeneProduct
76	24535067	62	70	ChemicalEntity
76	24535067	230	238	ChemicalEntity
76	24535067	272	280	ChemicalEntity
76	24535067	509	517	OrganismTaxon
76	24535067	576	584	ChemicalEntity
76	24535067	670	678	ChemicalEntity
76	24535067	703	711	OrganismTaxon
76	24535067	1101	1105	DiseaseOrPhenotypicFeature
76	24535067	1454	1462	ChemicalEntity
76	24535067	1481	1489	ChemicalEntity
77	24739405	37	48	ChemicalEntity
77	24739405	57	70	DiseaseOrPhenotypicFeature
77	24739405	81	85	OrganismTaxon
77	24739405	174	187	DiseaseOrPhenotypicFeature
77	24739405	226	230	OrganismTaxon
77	24739405	269	280	ChemicalEntity
77	24739405	297	308	ChemicalEntity
77	24739405	446	457	ChemicalEntity
77	24739405	512	523	ChemicalEntity
77	24739405	547	556	DiseaseOrPhenotypicFeature
77	24739405	593	606	DiseaseOrPhenotypicFeature
77	24739405	913	922	DiseaseOrPhenotypicFeature
77	24739405	946	957	ChemicalEntity
77	24739405	1051	1062	ChemicalEntity
77	24739405	1183	1194	ChemicalEntity
77	24739405	1278	1289	ChemicalEntity
77	24739405	1298	1307	DiseaseOrPhenotypicFeature
77	24739405	1413	1424	ChemicalEntity
77	24739405	1532	1541	DiseaseOrPhenotypicFeature
77	24739405	1640	1651	ChemicalEntity
77	24739405	1702	1715	DiseaseOrPhenotypicFeature
78	24768818	52	60	GeneOrGeneProduct
78	24768818	293	301	GeneOrGeneProduct
78	24768818	386	391	OrganismTaxon
78	24768818	412	420	DiseaseOrPhenotypicFeature
78	24768818	422	437	DiseaseOrPhenotypicFeature
78	24768818	442	448	DiseaseOrPhenotypicFeature
78	24768818	540	546	DiseaseOrPhenotypicFeature
78	24768818	759	764	OrganismTaxon
78	24768818	988	989	ChemicalEntity
78	24768818	1055	1056	ChemicalEntity
78	24768818	1153	1156	ChemicalEntity
78	24768818	1283	1284	ChemicalEntity
78	24768818	1500	1511	DiseaseOrPhenotypicFeature
79	24853300	54	73	DiseaseOrPhenotypicFeature
79	24853300	74	79	OrganismTaxon
79	24853300	125	132	ChemicalEntity
79	24853300	201	215	DiseaseOrPhenotypicFeature
79	24853300	239	246	ChemicalEntity
79	24853300	340	344	OrganismTaxon
79	24853300	349	355	OrganismTaxon
79	24853300	380	382	DiseaseOrPhenotypicFeature
79	24853300	435	437	DiseaseOrPhenotypicFeature
79	24853300	518	520	DiseaseOrPhenotypicFeature
79	24853300	551	553	DiseaseOrPhenotypicFeature
79	24853300	576	580	OrganismTaxon
79	24853300	606	610	OrganismTaxon
79	24853300	658	662	OrganismTaxon
79	24853300	785	789	OrganismTaxon
79	24853300	879	883	OrganismTaxon
79	24853300	1112	1116	OrganismTaxon
79	24853300	1135	1139	OrganismTaxon
79	24853300	1173	1205	GeneOrGeneProduct
79	24853300	1254	1283	GeneOrGeneProduct
79	24853300	1334	1335	ChemicalEntity
79	24853300	1345	1354	ChemicalEntity
79	24853300	1367	1380	GeneOrGeneProduct
79	24853300	1385	1398	GeneOrGeneProduct
79	24853300	1462	1466	OrganismTaxon
79	24853300	1593	1597	OrganismTaxon
79	24853300	1609	1611	DiseaseOrPhenotypicFeature
79	24853300	1668	1670	DiseaseOrPhenotypicFeature
80	25080425	14	64	GeneOrGeneProduct
80	25080425	110	123	ChemicalEntity
80	25080425	138	155	DiseaseOrPhenotypicFeature
80	25080425	159	163	OrganismTaxon
80	25080425	260	279	DiseaseOrPhenotypicFeature
80	25080425	306	310	OrganismTaxon
80	25080425	337	387	GeneOrGeneProduct
80	25080425	389	394	GeneOrGeneProduct
80	25080425	494	498	OrganismTaxon
80	25080425	588	596	DiseaseOrPhenotypicFeature
80	25080425	619	623	OrganismTaxon
80	25080425	653	666	ChemicalEntity
80	25080425	1008	1021	ChemicalEntity
80	25080425	1049	1054	GeneOrGeneProduct
80	25080425	1217	1222	GeneOrGeneProduct
80	25080425	1248	1251	GeneOrGeneProduct
80	25080425	1310	1315	GeneOrGeneProduct
80	25080425	1316	1319	GeneOrGeneProduct
80	25080425	1355	1372	DiseaseOrPhenotypicFeature
80	25080425	1497	1510	ChemicalEntity
80	25080425	1525	1544	DiseaseOrPhenotypicFeature
80	25080425	1567	1572	GeneOrGeneProduct
81	25305591	73	77	OrganismTaxon
81	25305591	227	230	GeneOrGeneProduct
81	25305591	483	495	DiseaseOrPhenotypicFeature
81	25305591	542	562	DiseaseOrPhenotypicFeature
81	25305591	564	568	OrganismTaxon
81	25305591	582	585	GeneOrGeneProduct
81	25305591	933	937	OrganismTaxon
81	25305591	1068	1072	OrganismTaxon
81	25305591	1151	1166	DiseaseOrPhenotypicFeature
81	25305591	1178	1187	GeneOrGeneProduct
81	25305591	1189	1193	GeneOrGeneProduct
81	25305591	1195	1198	GeneOrGeneProduct
81	25305591	1216	1221	GeneOrGeneProduct
81	25305591	1247	1269	GeneOrGeneProduct
81	25305591	1271	1276	GeneOrGeneProduct
81	25305591	1278	1285	GeneOrGeneProduct
81	25305591	1291	1295	GeneOrGeneProduct
81	25305591	1480	1484	OrganismTaxon
81	25305591	1591	1595	OrganismTaxon
82	25983002	30	35	DiseaseOrPhenotypicFeature
82	25983002	51	66	DiseaseOrPhenotypicFeature
82	25983002	86	92	DiseaseOrPhenotypicFeature
82	25983002	274	279	DiseaseOrPhenotypicFeature
82	25983002	326	341	DiseaseOrPhenotypicFeature
82	25983002	433	448	DiseaseOrPhenotypicFeature
82	25983002	471	498	DiseaseOrPhenotypicFeature
82	25983002	820	827	ChemicalEntity
82	25983002	844	851	ChemicalEntity
82	25983002	888	893	GeneOrGeneProduct
82	25983002	905	916	GeneOrGeneProduct
82	25983002	1057	1072	DiseaseOrPhenotypicFeature
83	25986755	78	96	DiseaseOrPhenotypicFeature
83	25986755	136	144	ChemicalEntity
83	25986755	214	222	ChemicalEntity
83	25986755	264	282	DiseaseOrPhenotypicFeature
83	25986755	361	379	DiseaseOrPhenotypicFeature
83	25986755	415	433	DiseaseOrPhenotypicFeature
83	25986755	529	547	DiseaseOrPhenotypicFeature
83	25986755	621	624	OrganismTaxon
83	25986755	826	844	DiseaseOrPhenotypicFeature
83	25986755	869	877	DiseaseOrPhenotypicFeature
83	25986755	919	929	ChemicalEntity
83	25986755	955	966	GeneOrGeneProduct
83	25986755	1066	1077	GeneOrGeneProduct
83	25986755	1479	1486	GeneOrGeneProduct
83	25986755	1491	1498	GeneOrGeneProduct
83	25986755	1859	1877	DiseaseOrPhenotypicFeature
83	25986755	1995	2013	DiseaseOrPhenotypicFeature
84	26027517	420	429	GeneOrGeneProduct
84	26027517	476	479	GeneOrGeneProduct
84	26027517	572	575	GeneOrGeneProduct
84	26027517	990	994	GeneOrGeneProduct
84	26027517	1009	1012	GeneOrGeneProduct
84	26027517	1449	1453	OrganismTaxon
84	26027517	1469	1473	OrganismTaxon
84	26027517	1635	1643	GeneOrGeneProduct
85	26110643	68	77	OrganismTaxon
85	26110643	419	428	OrganismTaxon
85	26110643	555	566	OrganismTaxon
85	26110643	568	577	OrganismTaxon
85	26110643	1096	1099	GeneOrGeneProduct
85	26110643	1342	1346	GeneOrGeneProduct
85	26110643	1721	1726	DiseaseOrPhenotypicFeature
86	26516699	46	63	DiseaseOrPhenotypicFeature
86	26516699	138	143	OrganismTaxon
86	26516699	235	242	DiseaseOrPhenotypicFeature
86	26516699	254	271	DiseaseOrPhenotypicFeature
86	26516699	273	275	GeneOrGeneProduct
86	26516699	333	335	GeneOrGeneProduct
86	26516699	384	386	GeneOrGeneProduct
86	26516699	539	541	DiseaseOrPhenotypicFeature
86	26516699	587	592	OrganismTaxon
86	26516699	814	818	OrganismTaxon
86	26516699	1004	1008	OrganismTaxon
86	26516699	1102	1106	OrganismTaxon
86	26516699	1342	1346	OrganismTaxon
86	26516699	1403	1407	OrganismTaxon
86	26516699	1455	1460	OrganismTaxon
86	26516699	1461	1463	DiseaseOrPhenotypicFeature
86	26516699	1588	1592	GeneOrGeneProduct
86	26516699	1700	1702	GeneOrGeneProduct
87	26731607	447	452	DiseaseOrPhenotypicFeature
87	26731607	779	785	OrganismTaxon
87	26731607	1625	1628	GeneOrGeneProduct
87	26731607	1663	1667	GeneOrGeneProduct
88	27134166	96	100	GeneOrGeneProduct
88	27134166	137	142	DiseaseOrPhenotypicFeature
88	27134166	161	165	GeneOrGeneProduct
88	27134166	237	242	OrganismTaxon
88	27134166	243	249	DiseaseOrPhenotypicFeature
88	27134166	254	259	OrganismTaxon
88	27134166	270	276	DiseaseOrPhenotypicFeature
88	27134166	354	359	OrganismTaxon
88	27134166	437	443	DiseaseOrPhenotypicFeature
88	27134166	486	493	ChemicalEntity
88	27134166	498	505	ChemicalEntity
88	27134166	556	563	DiseaseOrPhenotypicFeature
88	27134166	626	631	DiseaseOrPhenotypicFeature
88	27134166	684	691	ChemicalEntity
88	27134166	716	718	GeneOrGeneProduct
88	27134166	742	746	GeneOrGeneProduct
88	27134166	767	773	DiseaseOrPhenotypicFeature
88	27134166	802	809	ChemicalEntity
88	27134166	840	844	GeneOrGeneProduct
88	27134166	859	868	ChemicalEntity
88	27134166	892	899	ChemicalEntity
88	27134166	1001	1008	DiseaseOrPhenotypicFeature
88	27134166	1009	1015	DiseaseOrPhenotypicFeature
88	27134166	1029	1036	ChemicalEntity
88	27134166	1048	1055	ChemicalEntity
88	27134166	1100	1107	ChemicalEntity
88	27134166	1109	1113	GeneOrGeneProduct
88	27134166	1206	1213	ChemicalEntity
88	27134166	1226	1231	GeneOrGeneProduct
89	27248656	67	78	DiseaseOrPhenotypicFeature
89	27248656	198	205	DiseaseOrPhenotypicFeature
89	27248656	332	344	DiseaseOrPhenotypicFeature
89	27248656	355	359	OrganismTaxon
89	27248656	398	409	DiseaseOrPhenotypicFeature
89	27248656	443	455	DiseaseOrPhenotypicFeature
89	27248656	457	465	DiseaseOrPhenotypicFeature
89	27248656	568	576	GeneOrGeneProduct
89	27248656	590	599	GeneOrGeneProduct
89	27248656	601	605	GeneOrGeneProduct
89	27248656	610	615	GeneOrGeneProduct
89	27248656	843	852	GeneOrGeneProduct
89	27248656	854	857	GeneOrGeneProduct
89	27248656	873	878	GeneOrGeneProduct
89	27248656	1205	1216	DiseaseOrPhenotypicFeature
89	27248656	1221	1233	DiseaseOrPhenotypicFeature
89	27248656	1313	1322	GeneOrGeneProduct
89	27248656	1324	1328	GeneOrGeneProduct
89	27248656	1333	1336	GeneOrGeneProduct
89	27248656	1372	1374	GeneOrGeneProduct
89	27248656	1445	1449	GeneOrGeneProduct
89	27248656	1750	1761	DiseaseOrPhenotypicFeature
89	27248656	1766	1783	DiseaseOrPhenotypicFeature
89	27248656	1795	1799	OrganismTaxon
89	27248656	1950	1961	DiseaseOrPhenotypicFeature
89	27248656	1977	1984	DiseaseOrPhenotypicFeature
90	27384305	23	27	OrganismTaxon
90	27384305	148	159	DiseaseOrPhenotypicFeature
90	27384305	169	174	DiseaseOrPhenotypicFeature
90	27384305	221	230	DiseaseOrPhenotypicFeature
90	27384305	274	283	DiseaseOrPhenotypicFeature
90	27384305	384	393	DiseaseOrPhenotypicFeature
90	27384305	442	457	ChemicalEntity
90	27384305	700	705	DiseaseOrPhenotypicFeature
90	27384305	726	730	OrganismTaxon
90	27384305	928	933	DiseaseOrPhenotypicFeature
90	27384305	1045	1052	ChemicalEntity
90	27384305	1096	1100	OrganismTaxon
90	27384305	1186	1198	GeneOrGeneProduct
90	27384305	1220	1225	DiseaseOrPhenotypicFeature
90	27384305	1277	1286	DiseaseOrPhenotypicFeature
90	27384305	1337	1341	OrganismTaxon
90	27384305	1489	1493	OrganismTaxon
90	27384305	1603	1615	DiseaseOrPhenotypicFeature
90	27384305	1669	1673	OrganismTaxon
90	27384305	1751	1756	DiseaseOrPhenotypicFeature
90	27384305	1835	1855	DiseaseOrPhenotypicFeature
91	27640183	33	47	GeneOrGeneProduct
91	27640183	92	97	OrganismTaxon
91	27640183	229	233	OrganismTaxon
91	27640183	284	290	OrganismTaxon
91	27640183	349	354	ChemicalEntity
91	27640183	392	397	OrganismTaxon
91	27640183	505	510	OrganismTaxon
91	27640183	966	969	GeneOrGeneProduct
91	27640183	971	976	GeneOrGeneProduct
91	27640183	1039	1043	GeneOrGeneProduct
91	27640183	1045	1048	GeneOrGeneProduct
91	27640183	1089	1093	GeneOrGeneProduct
91	27640183	1099	1102	DiseaseOrPhenotypicFeature
91	27640183	1397	1403	OrganismTaxon
92	27825100	5	12	ChemicalEntity
92	27825100	24	29	OrganismTaxon
92	27825100	84	92	DiseaseOrPhenotypicFeature
92	27825100	93	104	DiseaseOrPhenotypicFeature
92	27825100	135	143	DiseaseOrPhenotypicFeature
92	27825100	144	155	DiseaseOrPhenotypicFeature
92	27825100	224	229	OrganismTaxon
92	27825100	279	284	OrganismTaxon
92	27825100	420	427	ChemicalEntity
92	27825100	448	455	ChemicalEntity
92	27825100	819	826	ChemicalEntity
92	27825100	946	961	DiseaseOrPhenotypicFeature
92	27825100	1069	1073	GeneOrGeneProduct
92	27825100	1096	1111	GeneOrGeneProduct
92	27825100	1132	1139	ChemicalEntity
92	27825100	1333	1340	ChemicalEntity
92	27825100	1520	1527	ChemicalEntity
92	27825100	1661	1669	OrganismTaxon
92	27825100	1675	1683	DiseaseOrPhenotypicFeature
92	27825100	1684	1695	DiseaseOrPhenotypicFeature
92	27825100	1724	1729	OrganismTaxon
92	27825100	1859	1866	ChemicalEntity
92	27825100	2044	2051	ChemicalEntity
92	27825100	2063	2068	OrganismTaxon
92	27825100	2123	2131	DiseaseOrPhenotypicFeature
92	27825100	2132	2143	DiseaseOrPhenotypicFeature
93	28098423	45	56	ChemicalEntity
93	28098423	65	84	DiseaseOrPhenotypicFeature
93	28098423	104	107	GeneOrGeneProduct
93	28098423	122	126	OrganismTaxon
93	28098423	156	167	ChemicalEntity
93	28098423	210	224	DiseaseOrPhenotypicFeature
93	28098423	390	404	DiseaseOrPhenotypicFeature
93	28098423	421	425	OrganismTaxon
93	28098423	786	789	OrganismTaxon
93	28098423	1038	1057	DiseaseOrPhenotypicFeature
93	28098423	1061	1065	OrganismTaxon
93	28098423	1244	1247	GeneOrGeneProduct
93	28098423	1281	1310	GeneOrGeneProduct
93	28098423	1315	1318	GeneOrGeneProduct
93	28098423	1337	1340	GeneOrGeneProduct
93	28098423	1341	1373	GeneOrGeneProduct
93	28098423	1513	1516	GeneOrGeneProduct
93	28098423	1616	1630	DiseaseOrPhenotypicFeature
93	28098423	1645	1648	GeneOrGeneProduct
93	28098423	1705	1711	DiseaseOrPhenotypicFeature
94	28279980	0	5	GeneOrGeneProduct
94	28279980	44	51	ChemicalEntity
94	28279980	85	90	OrganismTaxon
94	28279980	108	113	GeneOrGeneProduct
94	28279980	186	193	ChemicalEntity
94	28279980	260	267	ChemicalEntity
94	28279980	321	326	GeneOrGeneProduct
94	28279980	360	367	ChemicalEntity
94	28279980	400	405	OrganismTaxon
94	28279980	513	522	ChemicalEntity
94	28279980	569	576	ChemicalEntity
94	28279980	645	650	GeneOrGeneProduct
94	28279980	660	664	OrganismTaxon
94	28279980	685	690	GeneOrGeneProduct
94	28279980	783	790	ChemicalEntity
94	28279980	890	896	ChemicalEntity
94	28279980	907	914	ChemicalEntity
94	28279980	1130	1139	ChemicalEntity
94	28279980	1225	1230	GeneOrGeneProduct
94	28279980	1367	1372	GeneOrGeneProduct
94	28279980	1473	1478	GeneOrGeneProduct
94	28279980	1524	1531	ChemicalEntity
94	28279980	1586	1591	GeneOrGeneProduct
94	28279980	1639	1646	ChemicalEntity
95	28348168	287	293	DiseaseOrPhenotypicFeature
95	28348168	430	435	OrganismTaxon
95	28348168	662	666	GeneOrGeneProduct
95	28348168	863	869	DiseaseOrPhenotypicFeature
96	28481876	70	75	OrganismTaxon
96	28481876	76	88	DiseaseOrPhenotypicFeature
96	28481876	384	389	OrganismTaxon
96	28481876	390	402	DiseaseOrPhenotypicFeature
96	28481876	480	485	OrganismTaxon
96	28481876	486	493	DiseaseOrPhenotypicFeature
96	28481876	527	542	DiseaseOrPhenotypicFeature
96	28481876	562	568	DiseaseOrPhenotypicFeature
96	28481876	835	841	DiseaseOrPhenotypicFeature
96	28481876	883	899	DiseaseOrPhenotypicFeature
96	28481876	900	904	OrganismTaxon
96	28481876	954	963	GeneOrGeneProduct
96	28481876	1008	1031	GeneOrGeneProduct
96	28481876	1060	1069	GeneOrGeneProduct
96	28481876	1143	1149	DiseaseOrPhenotypicFeature
96	28481876	1267	1272	OrganismTaxon
96	28481876	1273	1279	DiseaseOrPhenotypicFeature
97	28687665	348	361	DiseaseOrPhenotypicFeature
97	28687665	365	371	OrganismTaxon
97	28687665	460	464	OrganismTaxon
97	28687665	807	808	ChemicalEntity
97	28687665	1069	1082	DiseaseOrPhenotypicFeature
97	28687665	1267	1269	ChemicalEntity
97	28687665	1285	1286	ChemicalEntity
98	29045486	30	37	DiseaseOrPhenotypicFeature
98	29045486	99	104	OrganismTaxon
98	29045486	363	370	ChemicalEntity
98	29045486	445	457	DiseaseOrPhenotypicFeature
98	29045486	529	534	DiseaseOrPhenotypicFeature
98	29045486	603	611	OrganismTaxon
98	29045486	617	624	DiseaseOrPhenotypicFeature
98	29045486	625	633	DiseaseOrPhenotypicFeature
98	29045486	790	797	DiseaseOrPhenotypicFeature
98	29045486	798	806	DiseaseOrPhenotypicFeature
98	29045486	836	843	DiseaseOrPhenotypicFeature
98	29045486	893	899	ChemicalEntity
98	29045486	1111	1116	OrganismTaxon
98	29045486	1227	1239	DiseaseOrPhenotypicFeature
98	29045486	1329	1334	DiseaseOrPhenotypicFeature
98	29045486	1363	1372	GeneOrGeneProduct
98	29045486	1577	1582	DiseaseOrPhenotypicFeature
98	29045486	1697	1709	DiseaseOrPhenotypicFeature
98	29045486	1750	1755	DiseaseOrPhenotypicFeature
99	30442153	0	4	ChemicalEntity
99	30442153	124	127	GeneOrGeneProduct
99	30442153	128	132	GeneOrGeneProduct
99	30442153	185	189	ChemicalEntity
99	30442153	295	297	DiseaseOrPhenotypicFeature
99	30442153	302	321	DiseaseOrPhenotypicFeature
99	30442153	323	325	DiseaseOrPhenotypicFeature
99	30442153	403	405	DiseaseOrPhenotypicFeature
99	30442153	406	414	OrganismTaxon
99	30442153	427	431	OrganismTaxon
99	30442153	498	502	OrganismTaxon
99	30442153	525	529	OrganismTaxon
99	30442153	595	610	DiseaseOrPhenotypicFeature
99	30442153	715	719	ChemicalEntity
99	30442153	979	981	DiseaseOrPhenotypicFeature
99	30442153	982	990	OrganismTaxon
99	30442153	1003	1005	DiseaseOrPhenotypicFeature
99	30442153	1006	1010	OrganismTaxon
99	30442153	1068	1072	ChemicalEntity
99	30442153	1118	1122	ChemicalEntity
99	30442153	1243	1247	ChemicalEntity
99	30442153	1297	1300	GeneOrGeneProduct
99	30442153	1393	1396	GeneOrGeneProduct
99	30442153	1553	1560	ChemicalEntity
99	30442153	1657	1659	DiseaseOrPhenotypicFeature
99	30442153	1725	1727	DiseaseOrPhenotypicFeature
99	30442153	1728	1733	OrganismTaxon
99	30442153	1784	1788	OrganismTaxon
99	30442153	1929	1933	OrganismTaxon
99	30442153	1960	1964	OrganismTaxon
99	30442153	1979	1994	DiseaseOrPhenotypicFeature
99	30442153	2024	2028	OrganismTaxon
99	30442153	2064	2068	OrganismTaxon
99	30442153	2159	2163	ChemicalEntity
99	30442153	2253	2268	DiseaseOrPhenotypicFeature
